orig_id,Agreeableness,Analytical,Anger,Confident,Conscientiousness,Disgust,Emotional Range,Extraversion,Fear,Joy,Openness,Sadness,Tentative
2,0.557195,0.60935,0.091799,0,0.467149,0.061106,0.224177,0.044092,0.10742,0.661277,0.557227,0.188468,0.769102
3,0.278806,0.490783,0.126491,0,0.351968,0.112932,0.305823,0.192944,0.118139,0.617057,0.182746,0.469585,0.829444
5,0.227725,0.338287,0.103668,0,0.024111,0.505433,0.006097,0.003053,0.761185,0.427909,0.418886,0.180604,0.135971
6,0.057838,0.866758,0.091843,0,0.018749,0.05813,0.196283,0.035103,0.134139,0.517665,0.156162,0.537669,0.792685
7,0.581772,0.633347,0.106247,0,0.03916,0.043947,0.038012,0.000382,0.100505,0.647248,0.189597,0.529786,0.079227
8,0.814962,0.002771,0.623301,0,0.692076,0.089629,0.610062,0.81392,0.160568,0.675075,0.220933,0.159178,0.000947
9,0.436877,0.359595,0.094222,0,0.04161,0.049971,0.123617,0.001106,0.111591,0.638795,0.137954,0.611721,0.680891
10,0.081118,0.928037,0.116239,0,0.243966,0.066444,0.110392,0.001564,0.44774,0.516092,0.784357,0.220529,0.510004
11,0.535267,0.627222,0.092114,0.592273,0.269807,0.072093,0.107802,0.165962,0.103824,0.626031,0.454952,0.231084,0
12,0.412543,0.216583,0.61346,0.080288,0.007811,0.055739,0.03229,0.000147,0.170898,0.599797,0.056651,0.624289,0
13,0.705112,0.480756,0.212987,0,0.330834,0.21605,0.415233,0.181291,0.140059,0.589826,0.662575,0.246097,0.67836
14,0.039368,0.301113,0.110375,0,0.163763,0.096406,0.509959,0.078282,0.118402,0.682215,0.241851,0.528188,0.586281
15,0.684091,0.626668,0.071945,0,0.72396,0.062475,0.527736,0.4115,0.091705,0.710522,0.407045,0.100039,0.761129
16,0.654577,1.30E-05,0.027728,0,0.630552,0.065716,0.498005,0.607193,0.041931,0.791462,0.319169,0.184625,0.381467
17,0.164737,0.312169,0.146438,0,0.800511,0.124406,0.480948,0.07787,0.076658,0.583704,0.615588,0.518252,0.397794
18,0.971533,0.474614,0.113553,0,0.791161,0.15157,0.603752,0.373346,0.148889,0.670889,0.718366,0.191376,0.789226
19,0.106594,0.928529,0.104825,0,0.213029,0.129402,0.589463,0.252482,0.075483,0.58803,0.3244,0.465619,0.451098
20,0.88215,0.216362,0.192149,0,0.001373,0.484281,0.175814,0.00771,0.568459,0.123932,0.702758,0.511206,0.808779
21,0.216903,0.431784,0.073209,0,0.020689,0.079027,0.046314,0.107582,0.095371,0.631189,0.557729,0.53355,0.616216
22,0.573958,0.586983,0.087335,0.682712,0.31177,0.090631,0.113899,0.023921,0.665785,0.655566,0.259214,0.486581,0
25,0.569426,0.881141,0.099474,0,0.703432,0.067739,0.416139,0.237781,0.101624,0.552206,0.85943,0.452734,0.498507
26,0.456048,0.000853,0.079369,0,0.372935,0.105282,0.615605,0.37676,0.548078,0.683527,0.454989,0.136724,0.336558
27,0.357497,0.178703,0.091667,0,0.199978,0.003943,0.011774,5.50E-05,0.326979,0.077594,0.110298,0.721223,0.234226
28,0.177311,0.579094,0.074164,0,0.062257,0.12001,0.159937,0.290135,0.054932,0.67076,0.657548,0.467012,0.755842
29,0.513216,0.305705,0.10895,0.190497,0.845596,0.080808,0.764204,0.212477,0.087425,0.618536,0.22782,0.266332,0
30,0.706515,0.44674,0.506962,0,0.548364,0.122032,0.645366,0.052663,0.572592,0.534506,0.478795,0.546582,0.421495
31,0.029002,0.220502,0.141861,0,0.057504,0.104742,0.613879,0.0837,0.089813,0.653263,0.215511,0.558246,0.417515
32,0.367505,0.841636,0.051981,0,0.457874,0.126139,0.287687,0.324957,0.111743,0.683927,0.686667,0.471151,0.700669
33,0.861203,0.538505,0.100565,0,0.081448,0.089988,0.194327,0.044918,0.085957,0.632072,0.701922,0.591264,0.724578
34,0.565578,0.472718,0.146512,0.577118,0.91743,0.459286,0.901055,0.518084,0.120147,0.540482,0.632676,0.17688,0
35,0.57451,0.224043,0.113998,0,0.360352,0.065976,0.197809,0.040629,0.111711,0.629509,0.073255,0.55591,0.62398
36,0.225619,0.87732,0.125177,0.692051,0.030384,0.058546,0.004991,0.000191,0.133379,0.640807,0.041579,0.54537,0
37,0.098548,0.744747,0.732842,0,0.775046,0.680389,0.478383,0.03254,0.095651,0.593965,0.719882,0.719264,0.772653
38,0.808438,0.683982,0.575772,0,0.849077,0.064093,0.664081,0.376774,0.061306,0.656792,0.232158,0.543713,0.686656
39,0.021157,0.593626,0.076573,0,0.33344,0.060146,0.360663,0.037025,0.140232,0.611844,0.422884,0.489896,0.705917
40,0.221768,0.751264,0.517597,0,0.655696,0.131287,0.626948,0.282797,0.585073,0.496606,0.873017,0.599593,0.900163
41,0.684888,0.268651,0.49383,0,0.006429,0.100381,0.108922,0.000183,0.413927,0.570444,0.164454,0.620616,0.610099
42,0.256863,0.140803,0.109605,0,0.196739,0.067669,0.395786,0.227208,0.107205,0.699186,0.246734,0.504519,2.00E-06
43,0.943465,0.467645,0.108632,0,0.41682,0.074109,0.2446,0.387387,0.13607,0.585511,0.386847,0.533902,0.778358
44,0.117129,0.470402,0.104024,0,0.486111,0.115601,0.800535,0.487507,0.063144,0.678529,0.558582,0.571214,0.766726
45,0.293391,0.923851,0.157443,0,0.432522,0.085943,0.395678,0.045197,0.119815,0.627536,0.805998,0.214174,0.942542
46,0.50647,0.703189,0.084713,0,0.208586,0.465789,0.328976,0.633648,0.089785,0.648143,0.606696,0.490382,0
47,0.004228,0.881343,0.080425,0,0.056875,0.071168,0.579641,0.14748,0.074273,0.651972,0.626777,0.167355,0.870487
48,0.003446,0.152546,0.149763,0,0.000981,0.112101,0.166315,0.00507,0.135728,0.520717,0.593089,0.557537,0.468797
49,0.455873,0.650381,0.127274,0,0.461012,0.073107,0.406327,0.231936,0.110401,0.65961,0.439664,0.440618,0.709301
50,0.479565,0.17679,0.09397,0,0.18019,0.099422,0.368593,0.326229,0.092717,0.654729,0.250988,0.513705,0.115106
51,0.108364,0.406622,0.095838,0.798592,0.493921,0.087054,0.841276,0.050171,0.558909,0.61268,0.645152,0.454639,0
52,0.020386,0.629693,0.153075,0,0.192143,0.096855,0.47724,0.145343,0.110873,0.626635,0.730738,0.628537,0.581311
53,0.530791,0.326661,0.126083,0,0.018943,0.113714,0.224139,0.341031,0.58166,0.527254,0.361044,0.524444,0.641584
54,0.284292,0.701599,0.113429,0,0.567129,0.084563,0.632391,0.296147,0.116448,0.573879,0.469045,0.497229,0.48348
55,0.452741,0.513528,0.628695,0,0.001039,0.147053,0.221441,0.124831,0.158246,0.586469,0.799331,0.566318,8.00E-05
56,0.253057,0.176735,0.146096,0,0.214357,0.064292,0.597657,0.480305,0.174395,0.640375,0.622622,0.212015,0.743999
57,0.896612,0.366994,0.064773,0.768012,0.132543,0.04004,0.267534,0.919298,0.085221,0.691248,0.595968,0.107467,0
58,0.872584,0.582327,0.09393,0.802229,0.743698,0.081203,0.705489,0.503746,0.477572,0.621491,0.753074,0.191041,0
59,0.319163,0.642049,0.12703,0,0.183167,0.471889,0.065422,0.004884,0.089411,0.555711,0.473981,0.554738,0.512966
60,0.350543,0.245418,0.100016,0,0.805547,0.079303,0.71904,0.369955,0.130751,0.718017,0.237099,0.488842,0.312988
61,0.408345,0.036882,0.112317,0,0.335467,0.053169,0.702642,0.493922,0.63953,0.657893,0.600302,0.156488,0.095903
62,0.092217,0.779599,0.534822,0,0.055881,0.251372,0.012501,0.075242,0.070016,0.492892,0.927343,0.626312,0.689967
63,0.237071,0.056443,0.066141,0,0.001661,0.04208,0.008036,0.025689,0.0689,0.653427,0.78343,0.586934,0.920176
64,0.876306,0.557163,0.10102,0,0.067788,0.097144,0.247411,0.045208,0.162067,0.585585,0.101275,0.630766,0.291072
65,0.356406,0.490841,0.14564,0,0.027643,0.163907,0.321931,0.067823,0.184589,0.514176,0.176716,0.540965,0.002145
66,0.303608,0.908757,0.548709,0,0.479627,0.088764,0.273692,0.073326,0.088155,0.647611,0.898536,0.517757,0.720168
67,0.667903,0.280846,0.156422,0,0.793233,0.063929,0.8699,0.319443,0.127286,0.618978,0.25262,0.237549,0.620072
68,0.128242,0.617558,0.086169,0,0.193083,0.116527,0.488541,0.10614,0.128898,0.548798,0.506417,0.553764,0.93633
69,0.29013,0.737117,0.098278,0,0.025425,0.078342,0.078034,0.025745,0.119237,0.631365,0.22369,0.602581,0.409502
71,0.381403,0.353501,0.096661,0,0.038971,0.047895,0.052497,0.105857,0.095435,0.713652,0.161616,0.212896,0.714356
73,0.841903,0.144086,0.149124,0.064453,0.120383,0.082466,0.343836,0.310733,0.70391,0.584519,0.265828,0.466525,0
74,0.179966,0.27914,0.137188,0,0.853357,0.078447,0.558067,0.299088,0.071921,0.662957,0.684778,0.128766,0.61451
75,0.472263,0.520133,0.077412,0,0.00831,0.054723,0.082958,0.000445,0.110184,0.642937,0.081038,0.612911,0.135277
76,0.339666,0.629659,0.139861,0,0.43498,0.097695,0.190768,0.161544,0.447035,0.571194,0.876694,0.526913,0.936045
77,0.775114,0.108686,0.638838,0,0.019981,0.608383,0.210198,0.839242,0.063504,0.457403,0.880103,0.630718,0.927754
78,0.633567,0.227984,0.09866,0.675061,0.146548,0.109898,0.176421,0.208202,0.089312,0.664203,0.409875,0.59115,0
79,0.845118,0,0.063284,0,0.136075,0.04637,0.022795,0.123464,0.097475,0.67197,0.077415,0.563742,0.002772
80,0.096149,0.578581,0.066772,0,0.335703,0.045252,0.365689,0.006164,0.120717,0.628825,0.298741,0.53497,0.590053
81,0.824827,0.674682,0.446995,0,0.560158,0.099692,0.210783,0.033961,0.117925,0.569485,0.423317,0.544972,0.728042
82,0.137678,0.674315,0.103357,0,0.591277,0.076751,0.431363,0.305441,0.089116,0.706551,0.679509,0.209657,0.815648
83,0.715253,0.802429,0.154659,0,0.091982,0.069792,0.099042,0.032216,0.080408,0.6415,0.182089,0.227432,0.189197
84,0.539727,0.591604,0.058838,0,0.588937,0.08871,0.190384,0.271077,0.09917,0.619706,0.725547,0.237125,0.567887
85,0.457501,0.60368,0.468055,0,0.03851,0.072922,0.063333,0.003414,0.191315,0.661797,0.183397,0.59057,0.520456
86,0.330747,0.590465,0.178171,0,0.526297,0.159774,0.461481,0.078722,0.158716,0.144359,0.635488,0.639578,0
87,0.045939,0.386501,0.134213,0,0.246117,0.109018,0.214383,0.021234,0.159486,0.573858,0.08979,0.256582,0.085544
88,0.396442,0.277918,0.179183,0.324176,0.393346,0.18495,0.456173,0.220234,0.204396,0.55926,0.149127,0.585893,0
89,0.17293,0.759989,0.110499,0.424631,0.347955,0.050204,0.374276,0.015237,0.098093,0.673284,0.040528,0.514073,0
90,0.068351,0.811158,0.120729,0,0.009709,0.113201,0.218908,1.20E-05,0.172224,0.583042,0.581846,0.634127,0.601046
91,0.491879,0.32417,0.091644,0,0.099011,0.098229,0.215039,0.158352,0.638294,0.534075,0.790993,0.511992,0
92,0.305518,0.805787,0.09828,0,0.66564,0.066732,0.455924,0.386484,0.087436,0.696434,0.898268,0.477478,0.853058
93,0.752997,0.676371,0.483715,0,0.379807,0.065923,0.416368,0.067891,0.067923,0.632638,0.882012,0.582193,0.019457
94,0.271439,0.550196,0.049953,0,0.037783,0.032317,0.006655,0.000272,0.143268,0.696433,0.400926,0.561715,0.832221
95,0.338834,0.344487,0.067662,0.627908,0.18448,0.088223,0.235785,0.069526,0.429699,0.682474,0.173244,0.548791,0
96,0.511471,0.274403,0.062334,0,0.027638,0.064601,0.153243,0.744911,0.057281,0.747524,0.762032,0.472137,0.296016
97,0.078711,0.263486,0.08669,0,0.000756,0.066942,0.175595,0.001756,0.082931,0.70199,0.159622,0.511249,0.029647
98,0.792798,0.605392,0.622234,0,0.250143,0.588144,0.200236,0.386824,0.606137,0.583246,0.857834,0.593874,0.530267
99,0.19058,0.798915,0.158711,0,0.01124,0.060542,0.050311,2.00E-06,0.610303,0.548621,0.050969,0.551941,0.626556
100,0.159909,0.401934,0.08856,0,0.399963,0.092081,0.197728,0.003324,0.541677,0.582605,0.040692,0.511246,0.186855
101,0.998981,0.117548,0.091919,0.125153,0.072149,0.083647,0.193304,0.928824,0.052603,0.680169,0.637178,0.142381,0
102,0.359967,0.189169,0.046677,0,0.635212,0.033823,0.703444,0.329927,0.094162,0.75147,0.436375,0.577789,0.216824
103,0.636426,0.583897,0.102869,0.353374,0.037094,0.040444,0.154664,0.003524,0.663586,0.587683,0.221682,0.621206,0
104,0.310719,0.620986,0.595476,0,0.008735,0.135497,0.032621,0.022403,0.499805,0.547503,0.61585,0.243298,0.796324
105,0.959116,0.820125,0.071178,0.735675,0.633108,0.042261,0.233517,0.66059,0.095456,0.697787,0.040629,0.612748,0
106,0.486529,0.09867,0.099319,0,0.771157,0.488654,0.663108,0.227415,0.099738,0.706757,0.607427,0.17312,0.014738
107,0.57492,0.699464,0.070994,0,0.598888,0.063405,0.556128,0.082565,0.074589,0.6945,0.191238,0.17263,0.420009
108,0.436967,0.711468,0.112505,0,0.045057,0.069178,0.062551,0.095671,0.161915,0.581874,0.942815,0.554252,0.851688
109,0.807777,0.718004,0.130959,0,0.345181,0.099079,0.260755,0.176211,0.556968,0.571298,0.223566,0.594357,0.584665
110,0.342037,0.515724,0.129532,0,0.190686,0.124818,0.17143,0.01549,0.106167,0.625092,0.554262,0.591385,0.646942
111,0.918357,0.502357,0.49095,0,0.27884,0.121314,0.522538,0.282971,0.177429,0.59563,0.256967,0.511999,0.771681
112,0.138444,0.640688,0.08265,0,0.483216,0.041667,0.549133,0.191875,0.125249,0.649758,0.113273,0.576354,0.737254
113,0.535193,0.404724,0.137189,0,0.1204,0.066264,0.382532,0.12723,0.090724,0.704636,0.050089,0.225095,0.709291
114,0.344199,0.577896,0.690456,0.541805,0.346782,0.660781,0.122001,0.033955,0.687117,0.541737,0.602267,0.447524,0
115,0.84956,0.876693,0.142419,0,0.02128,0.073281,0.023437,9.30E-05,0.151201,0.558282,0.705262,0.560567,0.952939
116,0.849712,0.433594,0.101933,0,0.501423,0.073521,0.304104,0.420612,0.592199,0.548496,0.161976,0.164198,0.285002
117,0.441075,0.211048,0.460569,0,0.485954,0.148427,0.614927,0.315955,0.15022,0.497904,0.392725,0.499214,0
118,0.960236,0.500955,0.427769,0,0.372029,0.052566,0.119543,0.572758,0.079445,0.72709,0.606244,0.149212,0.566663
119,0.928789,0.914611,0.089285,0,0.667834,0.026145,0.571551,0.178794,0.048092,0.747074,0.792569,0.450092,0.791836
120,0.822909,0.734936,0.487433,0,2.90E-05,0.062869,5.00E-05,0.01435,0.147093,0.611562,0.242989,0.561007,0.85812
121,0.692936,0.420503,0.110527,0.494697,0.034132,0.105749,0.08959,0.012291,0.605298,0.581512,0.312818,0.560254,0
122,0.254492,0.49457,0.071263,0,0.256478,0.065953,0.435519,0.035688,0.551167,0.661496,0.215762,0.540242,0.774175
123,0.376138,0.414268,0.14834,0,0.393471,0.148791,0.488272,0.095302,0.064146,0.655744,0.82238,0.547941,0.495458
124,0.051499,0.781723,0.078474,0,0.301691,0.088984,0.72954,0.126693,0.079302,0.597529,0.550109,0.564823,0.205377
125,0.918512,0.18003,0.083746,0,0.413219,0.128127,0.026779,0.665043,0.091589,0.678945,0.524796,0.472287,0.579049
126,0.23089,0.820904,0.138179,0,0.388936,0.051116,0.317505,0.00191,0.135339,0.622903,0.113398,0.650197,0.614297
127,0.23374,0.501064,0.059019,0.09144,0.355628,0.067789,0.209656,0.121004,0.069313,0.702984,0.549278,0.125552,0
128,0.362365,0.806071,0.084262,0,0.128229,0.037306,0.390933,0.012221,0.656056,0.645336,0.804808,0.467336,0.910875
129,0.554439,0.339442,0.046122,0,0.063904,0.099727,0.214168,0.087615,0.014814,0.779461,0.891515,0.095043,0.140711
130,0.266919,0.850215,0.558522,0,0.147317,0.556887,0.183591,0.853857,0.07904,0.587438,0.940928,0.509593,0.68097
131,0.567079,0.827181,0.100749,0,0.412243,0.076877,0.248808,0.000303,0.543025,0.594446,0.205753,0.544797,0.510004
132,0.241727,0.18885,0.071746,0,0.063353,0.063406,0.066744,0.030603,0.071417,0.643931,0.24424,0.624994,0.48591
133,0.298521,0.630756,0.109305,0.699556,0.914305,0.064406,0.642987,0.168846,0.089954,0.630277,0.460663,0.490435,0
134,0.037914,0.429142,0.485026,0,0.000309,0.125823,0.004745,0.010116,0.573791,0.499311,0.274568,0.49179,0.740123
135,0.425904,0.168508,0.156666,0,0.651208,0.057814,0.653929,0.113959,0.115795,0.681355,0.682986,0.627831,0.260238
136,0.129974,0.763855,0.055471,0,0.075013,0.025794,0.21425,0.11076,0.077145,0.773189,0.460194,0.208483,0.542145
137,0.16958,0.622952,0.096835,0.194815,0.74536,0.054856,0.510215,0.050871,0.140305,0.652935,0.150384,0.596749,0
138,0.929588,0.311023,0.13448,0,0.056489,0.157468,0.310303,0.421085,0.561391,0.487697,0.688438,0.557478,0.006414
139,0.280406,0.917641,0.093766,0,0.299293,0.050706,0.150117,0.080038,0.090612,0.719566,0.429794,0.190865,0.779803
140,0.998312,0.745374,0.099596,0,0.002767,0.068455,0.055768,0.068253,0.19238,0.541502,0.565379,0.698742,0.867187
141,0.554503,0.844389,0.208176,0,0.832051,0.470437,0.701212,0.72802,0.161852,0.129089,0.961762,0.484518,0.469864
142,0.001751,0.340586,0.079208,0,0.024429,0.07544,0.315195,0.095255,0.644716,0.658562,0.840343,0.199603,0.912306
143,0.523819,0.755849,0.105743,0,0.133344,0.450457,0.063333,0.061606,0.155842,0.571784,0.788683,0.518308,0.348673
144,0.351744,0.457145,0.088221,0.079409,0.587524,0.081206,0.421844,0.153892,0.10608,0.635489,0.368427,0.492616,0
145,0.288707,0.534237,0.082345,0,0.581089,0.050388,0.170087,0.160774,0.133486,0.675263,0.451702,0.523341,0.515201
146,0.048312,0,0.528819,0.259132,0.012927,0.098791,0.325885,0.391338,0.093733,0.661511,0.886054,0.178561,0
148,0.767508,0.624321,0.538289,0,0.004398,0.128412,0.003888,0.048167,0.080854,0.593322,0.694927,0.605811,0.939584
149,0.459149,0.742334,0.081892,0,0.001525,0.086614,0.000981,0.045519,0.096856,0.613857,0.73881,0.462683,0.871807
150,0.78002,0.509574,0.496736,0,0.009696,0.094515,0.057317,0.000401,0.674008,0.414571,0.213,0.715888,0.584893
151,0.281223,0.759213,0.452765,0,0.125018,0.040898,0.059957,0.01458,0.080222,0.674952,0.387092,0.633888,0.901698
153,0.435848,0.672674,0.0202,0,0.266721,0.006411,0.386505,0.015292,0.143083,0.57081,0.431417,0.320772,0.750788
154,0.722535,0.73796,0.091051,0,0.160725,0.090368,0.017108,0.026845,0.635684,0.213794,0.875385,0.463462,0.586281
155,0.389661,0.770466,0.087891,0,0.0411,0.143636,0.110218,0.018785,0.083552,0.590894,0.757917,0.272497,0.840946
156,0.899144,0.638835,0.070633,0,0.064051,0.074257,0.01686,0.008313,0.098252,0.633598,0.299837,0.511428,0.855458
157,0.349492,0.486761,0.015589,0.001429,0.772428,0.002574,0.762429,0.447292,0.095167,0.577913,0.172765,0.362464,0
158,0.265469,0.534511,0.439671,0,0.17715,0.072368,0.138264,0.269586,0.102951,0.622549,0.445444,0.459691,0.730296
159,0.500239,0.645885,0.075208,0,0.117914,0.044635,0.0242,0.00568,0.466825,0.563824,0.1973,0.548195,0.80366
160,0.184421,0.624117,0.182017,0,0.033726,0.126135,0.392046,0.018631,0.146868,0.722263,0.408722,0.586107,0.770435
161,0.856193,0.334579,0.155624,0.482559,0.054563,0.092406,0.145481,0.011393,0.183383,0.634602,0.090867,0.259586,0
162,0.619732,0.754522,0.086113,0,0.638558,0.048164,0.353712,0.299541,0.100503,0.66108,0.606672,0.515585,0.555452
163,0.197915,0.920197,0.169928,0,0.7537,0.121044,0.619001,0.291195,0.657754,0.583225,0.601787,0.160789,0.749168
164,0.639592,0.790074,0.519406,0.719089,0.648458,0.074109,0.681582,0.796277,0.11539,0.622108,0.413715,0.480659,0
165,0.634647,0.131481,0.621695,0,0.085365,0.066338,0.024179,4.80E-05,0.151221,0.57797,0.344612,0.548014,0.747954
166,0.938102,0.465318,0.126548,0,0.359791,0.123166,0.407732,0.724984,0.154183,0.605069,0.446823,0.547954,0.208385
167,0.777315,0.463906,0.086243,0,0.323653,0.076876,0.345214,0.418386,0.462338,0.678642,0.407279,0.244863,0.80366
169,0.637423,0.854625,0.404327,0,0.192487,0.053155,0.07204,0.139287,0.493178,0.626754,0.778729,0.52568,0.731574
170,0.519196,0.579958,0.433277,0,0.002925,0.068748,0.029088,0.004538,0.508092,0.215984,0.275039,0.554747,0.816676
171,0.961454,0.843989,0.150134,0,0.045087,0.042876,0.102444,0.000401,0.114429,0.625387,0.243223,0.185871,0.629307
172,0.567717,0.581244,0.112717,0,0.015647,0.053099,0.050403,0.001041,0.150585,0.622982,0.048156,0.601602,0.411046
173,0.953178,0.833297,0.151612,0,0.263025,0.048871,0.037179,0.013857,0.182137,0.531986,0.620842,0.60447,0.940889
174,0.734281,0.444526,0.063566,0,0.049797,0.110519,0.289493,0.171675,0.627195,0.56951,0.607341,0.508829,0.241365
175,0.495075,0.459286,0.095595,0,0.6162,0.093738,0.400417,0.103644,0.13235,0.615804,0.196493,0.551373,0.914837
176,0.520113,0.458295,0.1425,0.228714,0.220269,0.187038,0.309633,0.167692,0.160901,0.494089,0.4542,0.633097,0
177,0.13843,0.652595,0.475567,0,0.086066,0.081095,0.095734,0.000231,0.178299,0.529389,0.191861,0.577234,0.887577
178,0.038875,0.240727,0.094193,0.399133,0.559146,0.094086,0.637865,0.271852,0.076513,0.543951,0.406789,0.530907,0
179,0.409115,0.706823,0.156565,0.626677,0.158166,0.125797,0.232467,0.020955,0.538696,0.52302,0.171451,0.602576,0
180,0.788709,0.673594,0.093331,0,0.690292,0.088343,0.494282,0.627968,0.074814,0.681152,0.128497,0.17697,0.064101
181,0.106194,0.309524,0.131572,0,0.017479,0.076953,0.254444,0.165823,0.522949,0.556667,0.579744,0.516363,0.664175
182,0.876392,0.433527,0.086735,0,0.046339,0.128012,0.012968,0.019977,0.103178,0.539447,0.036841,0.592879,0.314229
183,0.952703,0.177746,0.067666,0,0.981051,0.074373,0.740431,0.698139,0.071076,0.694826,0.622662,0.434121,0.001092
184,0.487177,0.036491,0.43123,0,0.604427,0.092734,0.583591,0.20313,0.113899,0.671479,0.367596,0.423905,0.708079
185,0.813714,0.190491,0.096171,0,0.660638,0.416263,0.585663,0.773143,0.103857,0.71634,0.551816,0.170766,0.85741
186,0.383833,0.731623,0.059477,0,0.42604,0.075123,0.193142,0.229596,0.110198,0.691909,0.573305,0.235424,0.35973
187,0.925648,0.418698,0.428096,0,0.009081,0.05169,0.462278,0.756698,0.098405,0.626223,0.295642,0.523644,0.741677
188,0.585994,0.620608,0.121797,0,0.011562,0.134415,0.009579,7.00E-06,0.159293,0.505372,0.209458,0.603259,0.965949
189,0.216148,0.78537,0.181218,0,0.228726,0.500857,0.544476,0.42299,0.0954,0.082949,0.515856,0.641074,0.449285
190,0.124235,0.887165,0.169925,0,0.022451,0.106563,0.144262,0.004224,0.171539,0.45544,0.230406,0.597616,0.735653
191,0.117653,0.841116,0.138781,0.307234,0.691418,0.09391,0.625117,0.003931,0.055147,0.654074,0.88076,0.13897,0
192,0.868442,0.603508,0.42891,0,0.684647,0.076116,0.600961,0.198072,0.095894,0.558615,0.745445,0.512142,0.725109
193,0.167769,0.213809,0.097054,0,0.324042,0.082868,0.503848,0.296649,0.446843,0.554396,0.688581,0.524218,0.622398
194,0.643861,0.059814,0.193674,0,0.01151,0.124749,0.061228,0.098692,0.483458,0.638484,0.406176,0.52239,0.838967
195,0.982015,0.915286,0.098683,0,0.790973,0.050487,0.496403,0.660652,0.148232,0.672089,0.604613,0.500062,0.374606
196,0.581023,0.89269,0.153884,0,0.32841,0.162535,0.135207,0.705583,0.125965,0.617814,0.867325,0.280698,0.322467
197,0.992043,0.822882,0.105964,0,0.147573,0.101871,0.174582,0.513565,0.073449,0.694172,0.348105,0.458861,0.851405
198,0.110577,0.800531,0.122268,0,0.586316,0.074279,0.251591,0.105986,0.47864,0.54824,0.402203,0.246014,0.574423
199,0.694966,0.561368,0.645296,0,6.00E-05,0.054407,0.001816,0.000327,0.614468,0.613289,0.660889,0.612987,0.859075
200,0.876184,0.260255,0.068666,0.784724,0.925902,0.055314,0.683768,0.712539,0.06879,0.718931,0.252195,0.538566,0
201,0.060583,0.747104,0.128081,0.701849,0.013087,0.15366,0.265009,0.056915,0.141459,0.551816,0.170427,0.570672,0
202,0.523258,0.610218,0.087214,0.006058,0.058433,0.076257,0.014884,0.035442,0.099165,0.61635,0.391148,0.652768,0
203,0.475641,0.403501,0.088268,0,0.045738,0.058743,0.024941,0.053938,0.436295,0.701937,0.304938,0.166403,0.938761
204,0.001688,0.119662,0.061409,0,0.290568,0.056953,0.217263,0.059379,0.095597,0.659464,0.308539,0.439395,0.662104
205,0.431407,0.836987,0.094494,0,0.018938,0.055404,0.109923,0.010306,0.166989,0.662788,0.442933,0.491175,0.700401
206,0.219034,0.630703,0.116821,0,0.06368,0.447633,0.048327,0.069924,0.136201,0.606816,0.790057,0.538489,0.78035
207,0.708547,0.79681,0.465171,0,0.025792,0.088105,0.294525,0.001247,0.189379,0.490264,0.891051,0.547548,0.940235
209,0.106861,0.393854,0.071967,0,0.00208,0.123805,0.102559,0.003933,0.078985,0.615527,0.129683,0.628258,0.710059
210,0.406334,0.841396,0.168709,0,0.327973,0.094213,0.525534,0.108192,0.173728,0.585502,0.301848,0.513016,0.594284
211,0.152666,0.806972,0.064828,0,0.062657,0.123985,0.177543,0.889476,0.061247,0.698645,0.939483,0.552551,0.47222
212,0.450468,0.543147,0.135577,0,0.008101,0.037755,0.062373,0.005673,0.074529,0.645802,0.863083,0.550114,0.838877
213,0.652387,0.534306,0.093905,0,0.224611,0.063086,0.084431,0.351532,0.13714,0.605026,0.094354,0.62216,0.512966
214,0.305556,0.694442,0.131755,0,0.783995,0.074042,0.435601,0.075355,0.432462,0.499245,0.413542,0.592132,0.508628
215,0.459546,0.51625,0.064876,0.602318,0.050739,0.038246,0.081488,0.030101,0.121062,0.690373,0.074216,0.204429,0
216,0.463476,0.843341,0.472066,0,0.046003,0.054445,0.215825,0.001988,0.119869,0.671234,0.376005,0.192164,0.670236
217,0.387788,0.537997,0.083926,0,0.572627,0.060428,0.404483,0.010723,0.543926,0.648174,0.334437,0.535289,0.209024
218,0.233112,0.363057,0.136011,0,0.278848,0.087478,0.552198,0.702176,0.112679,0.631102,0.485293,0.489205,0.894639
219,0.527989,0.649054,0.102263,0,0.399425,0.085462,0.319472,0.024381,0.111943,0.567468,0.067489,0.607412,0.745338
220,0.866775,0.544058,0.113153,0,0.93116,0.416605,0.698803,0.719103,0.103197,0.55414,0.728816,0.475249,0.185205
221,0.743203,0.561368,0.130487,0,0.14555,0.099276,0.23098,0.289978,0.121569,0.580085,0.631277,0.459082,0.768999
222,0.635268,0.328422,0.110283,0,0.11202,0.116704,0.178253,0.000112,0.486569,0.27014,0.276697,0.561041,0.458152
223,0.070417,0.624092,0.117747,0,0.296476,0.06308,0.279463,0.004103,0.514258,0.596394,0.117152,0.25708,0.225029
224,0.480477,0.553355,0.143881,0,0.002163,0.105681,0.131043,0.008557,0.112904,0.600665,0.734105,0.569123,0.626858
225,0.371944,0.657657,0.166756,0.174584,0.365996,0.083557,0.639028,0.051442,0.131705,0.515911,0.027316,0.496477,0
226,0.092535,0.355329,0.086362,0,0.069868,0.106487,0.176542,0.012231,0.110103,0.559412,0.916871,0.553936,0.772155
227,0.581743,0.028841,0.041099,0,0.553204,0.035222,0.414725,0.039782,0.115962,0.734977,0.067801,0.210285,0.590458
228,0.767945,0.126709,0.124948,0,0.438186,0.13003,0.502336,0.646018,0.630806,0.587808,0.410367,0.517466,0.815828
229,0.500579,0.435734,0.105886,0,0.244543,0.084452,0.553152,0.412135,0.110068,0.672624,0.383419,0.52967,0.067315
230,0.32884,0.570462,0.168125,0.655978,0.221027,0.090544,0.353729,0.19759,0.130068,0.589439,0.808507,0.721754,0
231,0.737192,0.524262,0.040703,0,0.165324,0.054923,0.251889,0.183381,0.080062,0.671689,0.435702,0.483677,0.657295
232,0.640058,0.321665,0.111592,0,0.254929,0.105638,0.236936,0.236569,0.13933,0.6448,0.314946,0.604335,0.002884
233,0.162572,0.378129,0.424039,0.262395,0.184303,0.082159,0.247281,0.063793,0.13163,0.656637,0.796077,0.666545,0
234,0.566466,0.785713,0.462815,0,0.111106,0.141079,0.597853,0.104513,0.161743,0.076473,0.739269,0.235907,0.797509
235,0.372733,0.00191,0.462544,0,0.05219,0.045639,0.198144,0.27612,0.070623,0.661772,0.263633,0.606982,0.484612
236,0.721381,0.024272,0.514945,0,0.858485,0.037392,0.784297,0.444428,0.578774,0.612409,0.594132,0.154429,0.432431
237,0.160803,0.0547,0.136271,0.18944,0.784461,0.076506,0.701321,0.584435,0.570639,0.494781,0.860569,0.175531,0
238,0.888584,0.617289,0.114243,0.708796,0.767213,0.104336,0.289537,0.087923,0.494911,0.623239,0.032336,0.219344,0
239,0.252776,0.650218,0.100359,0.676911,0.831725,0.044179,0.837762,0.025198,0.039481,0.673387,0.21789,0.625241,0
240,0.088777,0.747831,0.429903,0,0.217725,0.083982,0.762758,0.334917,0.099054,0.646044,0.596006,0.505451,0.840777
241,0.937091,0.180738,0.134051,0,0.899357,0.071201,0.567832,0.294447,0.104813,0.686873,0.368142,0.51858,0.674817
242,0.986498,0,0.083011,0,0.88788,0.048666,0.358896,0.552496,0.067472,0.694912,0.100711,0.480113,0.127087
243,0.520779,0.540095,0.06446,0,0.628015,0.073221,0.662528,0.261326,0.146179,0.68517,0.604243,0.220023,0.770435
244,0.680828,0.651532,0.533006,0,0.482328,0.521244,0.702122,0.333923,0.114855,0.529946,0.454012,0.615196,0.47266
245,0.457868,0.807961,0.055298,0.591419,0.403635,0.008812,0.22242,0.224535,0.035345,0.696602,0.808591,0.21022,0
246,0.651558,0.455897,0.549964,0,4.70E-05,0.050956,0.015774,0.003153,0.720987,0.534275,0.3566,0.612204,0.922514
247,0.063692,0.80136,0.064327,0,0.763616,0.42314,0.401854,0.022516,0.103162,0.665164,0.80305,0.5404,0.000219
248,0.564302,0.798064,0.456071,0,0.750479,0.059895,0.646082,0.54406,0.067178,0.725689,0.418495,0.140255,0.548855
249,0.15892,0.850242,0.117356,0,0.614815,0.548586,0.532795,0.479035,0.097439,0.623458,0.879548,0.229716,0.64027
250,0.434248,0.808559,0.009111,0.343214,0.497892,0.006311,0.176653,0.582576,0.012054,0.864072,0.675853,0.111424,0
251,0.09859,0.726769,0.142978,0,0.024296,0.109126,0.292832,0.045904,0.172638,0.467646,0.941532,0.552442,0.797641
252,0.870499,0.124189,0.080479,0,0.243805,0.060573,0.504064,0.677567,0.475742,0.738569,0.643647,0.430997,0.799425
253,0.360643,0,0.119833,0,0.684784,0.062826,0.590538,0.118662,0.128894,0.650215,0.551834,0.661035,0.541037
254,0.073061,0.466818,0.078264,0,0.799731,0.136936,0.48439,0.139553,0.084495,0.662971,0.283302,0.562188,0.527933
255,0.712754,0.776246,0.085349,0,0.84016,0.052697,0.166163,0.205973,0.134857,0.677573,0.467937,0.588028,0.265867
256,0.531559,0.777066,0.144269,0,0.611308,0.470704,0.539892,0.291586,0.132733,0.502106,0.869185,0.60786,0.072384
257,0.023625,0.828945,0.075484,0,0.245076,0.084433,0.518975,0.033742,0.083321,0.657026,0.954478,0.161845,0.789226
258,0.46863,0,0.112163,0,0.913491,0.230852,0.839537,0.767578,0.07072,0.554335,0.802402,0.226663,0.852741
259,0.038408,0.371815,0.068592,0,0.77937,0.034182,0.695773,0.090392,0.084342,0.568146,0.59512,0.204986,0.594732
260,0.077695,0.578118,0.071641,0,0.246828,0.035231,0.1311,0.008047,0.041343,0.654875,0.992605,0.577767,0.816676
261,0.905516,0.531798,0.100287,0,0.26797,0.100038,0.099424,0.045588,0.702725,0.591883,0.051167,0.56303,0.731998
262,0.237773,0.75138,0.086365,0,0,0.072063,0.046683,0.09281,0.135636,0.634796,0.658187,0.443166,0.907291
263,0.242192,0.790037,0.090899,0,0.939564,0.036924,0.668973,0.084023,0.084813,0.660869,0.464519,0.097136,0.553528
264,0.903834,0.440146,0.091656,0,0.258473,0.073656,0.128827,0.002219,0.464823,0.676423,0.084898,0.6676,0.626007
265,0.98642,0.178669,0.63335,0,0.139559,0.570022,0.060079,0.448967,0.077562,0.647147,0.311802,0.61764,0.383206
266,0.538155,0.578395,0.17025,0,0.002039,0.085333,0.076166,0.027653,0.554635,0.553945,0.349036,0.463042,0.911392
267,0.388064,0.848238,0.102641,0,0.571223,0.093891,0.104585,0.181761,0.117796,0.673648,0.930417,0.252648,0.651537
268,0.099506,0.114523,0.111477,0.580099,0.681632,0.094717,0.833549,0.25144,0.100286,0.618616,0.618769,0.218301,0
269,0.001956,0.539668,0.114335,0,0.028248,0.137954,0.612743,0.309448,0.077077,0.604721,0.869429,0.539289,0.729924
270,0.598538,0.739713,0.151712,0.149653,0.827871,0.104576,0.718475,0.346768,0.137304,0.631021,0.41725,0.584542,0
271,0.203138,0.519372,0.133462,0.634748,0.207622,0.085941,0.289712,0.028335,0.590032,0.661985,0.43139,0.53749,0
272,0.378002,0.630257,0.118709,0,0.141158,0.067234,0.446687,0.164407,0.568043,0.559253,0.513848,0.569063,0.723753
273,0.811528,0.246619,0.076122,0.552723,0.789233,0.597037,0.546356,0.513695,0.07952,0.695831,0.032117,0.172283,0
274,0.434062,0.016243,0.13056,0,0.202801,0.118971,0.435975,0.039235,0.517968,0.574213,0.570451,0.555427,0.713188
275,0.602012,0.612996,0.127941,0.179336,0.119861,0.167279,0.010979,0.562122,0.07958,0.498826,0.796139,0.63953,0
276,0.056747,0.127015,0.101766,0,0.385208,0.078919,0.595538,0.138964,0.132102,0.698369,0.300398,0.449632,0.678143
277,0.625578,0.6716,0.100874,0,0.910234,0.061475,0.655061,0.126864,0.121319,0.723528,0.526882,0.256843,0.172505
278,0.305867,0.325907,0.079497,0,0.673222,0.058995,0.549542,0.416011,0.087898,0.616431,0.861078,0.568305,0.358123
279,0.220805,0.764019,0.109356,0,0.371774,0.07209,0.574372,0.099111,0.124775,0.553129,0.364474,0.565645,0.828269
280,0.853257,0.598144,0.116484,0,0.010908,0.426142,0.014238,0.007472,0.105342,0.550154,0.575926,0.51829,0.715407
281,0.690666,0.549023,0.050872,0,0.141346,0.050769,0.221907,0.007343,0.099458,0.706018,0.617947,0.174938,0.923761